guid	author	title	container-title	type	volume	issue	issued	page	publisher	publisher-place	editor	edition	genre	note	director	source	URL	DOI	PMID	PMCID
10.11646/zootaxa.2441.1.1	J. Bezděk	Agetocera silva sp.nov. from A. lobicornis species group (Coleoptera: Chrysomelidae: Galerucinae	Entomologica Basiliensia et Collectionis Frey	article-journal	31		2009	209–218												
10.11646/zootaxa.2441.1.1	Y.-I. Chu;T. Yamanaka	A check list of the present and old name of insect collected localities in Taiwan	Annual of Taiwan Museum	article-journal	16		1973	31–72												
10.11646/zootaxa.2441.1.1	M. Chûjô	H. Sauter’s Formosa-Ausbeute: subfamily Galerucinae (Coleoptera: Chrysomelidae	Arbeiten über Morphologische und Taxonomische Entomologie aus Berlin-Dahlem	article-journal	2		1935	160–174												
10.11646/zootaxa.2441.1.1	M. Chûjô	A taxonomic study on the Chrysomelidae from Formosa, Part 11, Galerucinae	Philippine Journal of Science	article-journal	91		1962	1–239												
10.11646/zootaxa.2441.1.1	M. Chûjô	Chrysomelid-beetles from Formosa, preserved in the Hungarian Natural History Museum, Budapest	Annales Historico-Naturales Musei Nationalis Hungarici	article-journal	55		1963	379–402												
10.11646/zootaxa.2441.1.1	M. Chûjô	Chrysomelid-beetles of Formosa (I	Special Bulletin of Lepidopterological Society of Japan	article-journal	1		1965	88–104												
10.11646/zootaxa.2441.1.1	J.L. Gressitt;S. Kimoto	The Chrysomelidae (Coleopt.) of China and Korea. Part 2	Pacific Insects Monograph	article-journal	1B		1963	301–1026												
10.11646/zootaxa.2441.1.1	S. Kimoto	A list of the Chrysomelid specimens of Taiwan preserved in the Zoological Museum, Berlin	Esakia	article-journal	5		1966	21–38												
10.11646/zootaxa.2441.1.1	S. Kimoto	Notes on the Chrysomelidae from Taiwan II	Esakia	article-journal	7		1969	1–68												
10.11646/zootaxa.2441.1.1	S. Kimoto	The Chrysomelidae (Insecta: Coleoptera) collected by the Nagoya University Scientific Expendition to Taiwan in 1984	Kurume University Journal	article-journal	35		1986	53–62												
10.11646/zootaxa.2441.1.1	Kimoto S	The Chrysomelidae (Insecta: Coleoptera) collected by the Nagoya University Scientific Expendition to Taiwan in 1986	Kurume University Journal	article-journal	36		1987	183–194												
10.11646/zootaxa.2441.1.1	S. Kimoto	The Taiwanese Chrysomelidae (Insecta: Coleoptera) collected by Dr. Kintaro Baba, on the occasion of his entomological survey in 1983 and 1986	Kurume University Journal	article-journal	38		1989	237–272												
10.11646/zootaxa.2441.1.1	S. Kimoto	The Taiwanese Chrysomelidae (Insecta: Coleoptera) collected by Dr. Kintaro Baba, on the occasion of his entomological survey in 1987, 1988, and 1989	Kurume University Journal	article-journal	40		1991	1–27												
10.11646/zootaxa.2441.1.1		Systematic catalog of Chrysomelidae of Taiwan (Insecta: Coleoptera	Bulletin of the Institute of Comparative Studies of International Cultures and Societies	article-journal	16		1996	1–152												
10.11646/zootaxa.2441.1.1		Leaf beetles (Chrysomelidae) of Taiwan		book			1997	581	Tokai University Press	Tokyo, XVII										
10.11646/zootaxa.2441.1.1	J.-S. Lai;K.-Y. Lue	Two new Hynobius (Caudada: Hynobiidae) salamanders from Taiwan	Herpetologica	article-journal	64		2008	63–80												
10.11646/zootaxa.2441.1.1	S. Maulik	On a structure in the antennae of beetles of the chrysomelid genus Agetocera	Proceedings of the Zoological Society of London	paper-conference			1932	943–956												
10.11646/zootaxa.2441.1.1	H. Takizawa;S. Nakamura;K. Kojima	The Taiwanese chrysomelid beetles preserved in Hiwa Museum for Natural History (Chrysomelidae: Coleoptera	Miscellaneous Reports of the Hiwa Museum for Natural History	article-journal	33		1995	1–16												
10.11646/zootaxa.2441.1.1	J. Weise	Chrysomeliden der Indo-Malayischen region	Tijdschrift voor Entomologie	article-journal	65		1922	39–130												
10.11646/zootaxa.2441.1.1	J.A. Wilcox	Chrysomelidae: Galerucinae	Pars	article-journal	78	2	1971	221–431			J.A. Wilcox	Second								
10.11646/zootaxa.2441.1.1	X.-K. Yang;S.-Q. Ge;W.-Z. Li	Revision of the genus Agetocera Hope (Coleoptera: Chrysomelidae: Galerucinae	Oriental Insects	article-journal	35		2001	105–154												
10.11646/zootaxa.2441.1.1	L.-J. Zhang;X.-K. Yang	A new species of the genus Agetocera Hope (Coleoptera: Chrysomelidae: Galerucinae) from China	Proceedings the Entomological Society of Washington	article-journal	107		2005	119–122												
10.11646/zootaxa.2441.1.2	N.L. Evenhuis;D.J. Greathead	World catalog of bee flies		book			1999	756	Bombyliidae). Backhuys Publishers, Leiden	Diptera										
10.11646/zootaxa.2441.1.2	B. Gharali;K. Khamali;N.L. Evenhuis;A.A. Talebi	Two new species of the genus Apolysis (Apolysini, Bombyliidae, Diptera) from the north of Iran	Zootaxa	article-journal	2441		2010	41–52												
10.11646/zootaxa.2441.1.2	D.J. Greathead;N.L. Evenhuis	Family Bombyliidae	Contribution to a manual of Palaearctic Diptera (with special reference to flies of economic importance	chapter	2		1997	487–512	Science Herald Press	Budapest	L. Papp;B. Darvas									
10.11646/zootaxa.2441.1.2	P.A. Latreille	Histoire naturelle, générale et particulière, des crustacés et des insectes. Tome troisième. Familles naturelles des genres. Ouvrage faisant suite à l’histoire naturelle générale et particulière, composée par Leclerc de Buffon, et rédigée par C.S. Sonnini, membre de plusieurs sociétés savantes					1802	13–467 1					Dufart, Paris. xii							
10.11646/zootaxa.2441.1.2	H. Loew	Bidrag till kännedomen om Afrikas Diptera [part	Öfversigt af Kongl. Vetenskapsakademiens Förhandlingar	article-journal	17		1860	81–97												
10.11646/zootaxa.2441.1.2	S.J. Paramonov	Beiträge zur Monographie einiger Bombyliiden-Gattungen	Diptera). Trudy Fizychno-Matematychnogo Viddil Ukrains’ka Akademiya Nauk	article-journal	11	1	1929	65–225												
10.11646/zootaxa.2441.1.2	C.K. Yang;D. Yang	Two new species of Usiinae (Diptera: Bombyliidae) from China	Entomotaxonomia	article-journal	16		1994	272–274												
10.11646/zootaxa.2441.1.2	V.F. Zaitzev	On the fauna of bee flies (Diptera, Bombyliidae) of Mongolia III	Insects of Mongolia	chapter	III		1975	546–556	Nauka	Leningrad	I.M. Kerzhner;A.F. Emelyanov;M.A. Kozlov;L. Chogsomzhav									
10.11646/zootaxa.2441.1.3	M.V. Bernasconi;J. Pawlowski;C. Valsangiacomo;J.-C. Piffaretti;P.I. Ward	Phylogeny of the Scathophagidae (Diptera, Calyptratae) based on mitochondrial DNA sequences	Molecular Phylogenetics and Evolution	article-journal	16		2000	308–315												
10.11646/zootaxa.2441.1.3	M.V. Bernasconi;J. Pawlowski;C. Valsangiacomo;J.-C. Piffaretti;P.I. Ward	Phylogeny of the genus Scathophaga (Diptera: Scathophagidae) inferred from mitochondrial DNA sequences	Canadian Journal of Zoology	article-journal	79		2001	517–524												
10.11646/zootaxa.2441.1.3	M.V. Bernasconi;M. Pollet;M. Varini-Ooijen;P.I. Ward	Phylogeny of European Dolichopus and Gymnopternus (Diptera, Dolichopodidae) and the significance of morphological characters inferred from molecular data	European Journal of Entomology	article-journal	104		2007	601–617												
10.11646/zootaxa.2441.1.3	M.V. Bernasconi;M. Pollet;P.I. Ward	Molecular systematics of Dolichopodidae (Diptera) inferred from COI and 12S rDNA gene sequences based on European exemplars	Invertebrate Systematics	article-journal	21		2007	453–470												
10.11646/zootaxa.2441.1.3	M.V. Bernasconi;C. Valsangiacomo;J.-C. Piffaretti;P.I. Ward	Phylogenetic relationships among Muscoidea (Diptera, Calyptratae) based on mitochondrial DNA sequences	Insect Molecular Biology	article-journal	9		2000	67–74												
10.11646/zootaxa.2441.1.3	L.F. Bussière;M. Demont;A.J. Pemberton;M.D. Hall;P.I. Ward	The assessment of insemination success in yellow dung flies using competitive PCR	Molecular Ecology Resources	article-journal	10		2010	292–303												
10.11646/zootaxa.2441.1.3	C.W. Cunningham	Can three incongruence tests predict when data should be combined?	Molecular Biology and Evolution	article-journal	14		1997	733–740												
10.11646/zootaxa.2441.1.3	M. Demont;W.U. Blanckenhorn;D.J. Hosken;T.W.J. Garner	Population and quantitative genetic differentiation across Europe in the yellow dung fly	Journal of Evolutionary Biology	article-journal	21		2008	1492–1503												
10.11646/zootaxa.2441.1.3	J.S. Farris;M. Källersjö;A.G. Kluge;C. Bult	Testing significance of incongruence	Cladistics	article-journal	10		1994	315–319												
10.11646/zootaxa.2441.1.3	T.W.J. Garner;H. Brinkmann;G. Gerlach;A. Meyer;P.I. Ward;M. Spörri;D.J. Hosken	Polymorphic DNA microsatellites identified in the yellow dung fly (Scathophaga stercoraria	Molecular Ecology	article-journal	9		2000	2207–2209												
10.11646/zootaxa.2441.1.3	C. Germann;M. Pollet;S. Tanner;T. Backeljau;M.V. Bernasconi	Legs of deception: disagreement between molecular markers and morphology of long legged flies (Diptera, Dolichopodidae	Journal of Zoological Systematics and Evolutionary Research	article-journal			2009											10.1111/j.1439-0469.2009.00549.x		
10.11646/zootaxa.2441.1.3	K.B. Gorodkov	Scathophagidae	Catalogue of Palaearctic Diptera, Scathophagidae-Hypodermatidae	chapter	11		1986	11–41	Elsevier	Amsterdam	A. Soós;L. Papp									
10.11646/zootaxa.2441.1.3	S.N. Kutty;M.V. Bernasconi;F. Šifner;R. Meier	Sensitivity analysis, molecular systematics and natural history evolution of Scathophagidae (Diptera: Cyclorrhapha: Calyptratae	Cladistics	article-journal	23		2007	64–83												
10.11646/zootaxa.2441.1.3	S.N. Kutty;T. Pape;A. Pont;B.M. Wiegmann;Meier R	The Muscoidea (Diptera: Calyptratae) are paraphyletic: Evidence from four mitochondrial and four nuclear genes	Molecular Phylogenetics and Evolution	article-journal	49		2008	639–652												
10.11646/zootaxa.2441.1.3	D. Posada;K.A. Crandall	Modeltest: testing the model of DNA substitution	Bioinformatics	article-journal	14		1998	817–818												
10.11646/zootaxa.2441.1.3	J. Raes;Y. Peer	ForCon: a software tool for the conversion of sequence alignments	EMBnet.news	article-journal	6		1999							Available from:			http://www.es.embnet.org/EMBnet.Org/embnet.news/vol6_1/ForCon/forcon.html			
10.11646/zootaxa.2441.1.3	F. Ronquist;J.P. Huelsenbeck	MrBayes 3: Bayesian phylogenetic inference under mixed models	Bioinformatics	article-journal	19		2003	1572–1574												
10.11646/zootaxa.2441.1.3	P. Sack	62a Cordyluridae	Die Fliegen der Palaearktischen Region	chapter	7		1937	1–103	Schweizerbart’sche Verlagsbuchhandlung	Stuttgart	E. Lindner									
10.11646/zootaxa.2441.1.3	F. Šifner	The family Scathophagidae (Diptera) of the Czech and Slovak Republics (with notes on selected Palaearctic taxa	Acta Musei Nationalis Pragae, Series B – Historia Naturalis	article-journal	59		2003	1–90												
10.11646/zootaxa.2441.1.3	F. Šifner	Catalogue of the Scathophagidae flies of the Palaearctic region (Diptera: Scathophagidae), with notes on taxonomy and faunistics	Acta Entomologica Musei Nationalis Pragae	article-journal	48		2008	111–196												
10.11646/zootaxa.2441.1.3	F. Šifner	Additions and corrections to the Catalogue of the Scathophagidae (Diptera) of the Palaearctic Region	Acta Entomologica Musei Nationalis Pragae	article-journal	49		2009	293–295												
10.11646/zootaxa.2441.1.3	J. Sullivan	Combining data with different distributions of among-site variation	Systematic Biology	article-journal	45		1996	375–380												
10.11646/zootaxa.2441.1.3	D.L. Swofford	PAUP*: Phylogenetic Analysis Using Parsimony (*and other methods), version 4.0 b10		book			2002		Sinauer Associates	Sunderland, MA										
10.11646/zootaxa.2441.1.3	K. Tamura;J. Dudley;M. Nei;S. Kumar	MEGA4: Molecular Evolutionary Genetics Analysis (MEGA) software version 4.0	Molecular Biology and Evolution	article-journal	24		2007	1596–1599												
10.11646/zootaxa.2441.1.3	J.R. Vockeroth	Chapter XVII. Diptera (Muscidae): Scatomyzidae	South African Animal Life. Results of the Lund University expedition in 1950-1951	chapter	5		1958	517–520	Almqvist & Wiksells Boktryckeri Aktiebolag	Uppsala	B. Hanström;P. Brinck;G. Rudebeck									
10.11646/zootaxa.2441.1.3	J.R. Vockeroth	Scathophagidae	Manual of Nearctic Diptera	article-journal	2		1987	1085–1097			D.M. Wood				J.F. McAlpine;B.V. Peterson;G.E. Shewell;H.J. Teskey;J.R. Vockeroth					
10.11646/zootaxa.2441.1.3	P.I. Ward	Postcopulatory selection in the yellow dung fly Scathophaga stercoraria (L.) and the mate-now-choose-later mechanism of cryptic female choice	Advances in the Study of Behaviour	article-journal	37		2007	343–369												
10.11646/zootaxa.2441.1.3	P.C. Watts;D. Daly;A. Kayani;F.A. Culver;V.M. Kelly;G.A. Parker;Kemp S.J	Trinucleotide microsatellite loci in the yellow dung fly Scathophaga stercoraria (Diptera: Scathophagidae	Molecular Ecology Notes	article-journal	5		2005	30–32												
10.11646/zootaxa.2441.1.3	D. Werner;D.J. Mann;Pont A.C	Note on predation by Scathophagidae (Diptera) on Simuliidae (Diptera	Entomologist’s Monthly Magazine	article-journal	142		2006	143–150												
10.11646/zootaxa.2441.1.4	B.V. Brown	A further alternative to critical-point-drying for preparation of small (or large) flies	Fly Times	article-journal	11		1993													
10.11646/zootaxa.2441.1.4	O. Engel	Bombyliidae	Die Fliegen der palaearktischen Region	chapter	4		1933	3	E. Schweizerbart, Stuttgart		E. Lindner									
10.11646/zootaxa.2441.1.4	N.L. Evenhuis	Systematics and evolution of the genera in the subfamilies Usiinae and Phthiriinae (Diptera: Bombyliidae) of the world	Bishop Museum Bulletin in Entomology	article-journal	3		1990	72												
10.11646/zootaxa.2441.1.4	N.L. Evenhuis;D.J. Greathead	World catalog of bee flies		book			1999	756	Bombyliidae). Backhuys Publishers, Leiden	Diptera										
10.11646/zootaxa.2441.1.4	F.J.J. François	Bombyliidae (Diptera) from southern Spain, with descriptions of twelve new species	Entomologiske Meddelelser	article-journal	37		1969	107–60												
10.11646/zootaxa.2441.1.4	D.J. Greathead	Apolysis sp. (Diptera: Bombyliidae) reared from Quartinia sp	Journal of Arid Environments	article-journal	43		1999	155–157	Vespidae	Hymenoptera										
10.11646/zootaxa.2441.1.4	D. Greathead;N.L. Evenhuis	Annotated keys to the genera of African Bombyloidea (Diptera: Bombyliidae; Mythicomyiidae	African Invertebrates	article-journal	42		2001	105–224												
10.11646/zootaxa.2441.1.4	F.M. Hull	Bee flies of the world .The genera of the family Bombyliidae	Bulletin of the United States National Museum	article-journal	286		1973	1–687												
10.11646/zootaxa.2441.1.4	F.H. Loew	Bidrag till kännedomen om Afrikas Diptera	Öfversigt af Kongliga Svenska Vetenskaps-Akademiens Förhandlingar	article-journal	17		1860	81–97												
10.11646/zootaxa.2441.1.4	L. Papp	Fourteen species of Diptera new to Hungary	Folia Entomologica Hungarica	article-journal	66		2005	261–276												
10.11646/zootaxa.2441.1.4	S.J. Paramonov	Beiträge zur Monographie einiger Bombyliiden-Gattungen (Diptera	Trudy Fizychno-Matematychnogo ViddilUkrains’ka Akademiya Nauk	article-journal	11	1	1929	65–225												
10.11646/zootaxa.2441.1.4	O. Theodor	The genitalia of Bombyliidae (Diptera		book			1983	275	Israel Academy of Science and Humanities, Jerusalem											
10.11646/zootaxa.2441.1.4	C. Yang;D. Yang	Two new species of Usiinae (Diptera: Bombyliidae) from China	Entomotaxonomica	article-journal	16		1994	272–74												
10.11646/zootaxa.2441.1.4	G.Yang Yao;D. Evenhuis;N.L.;Gharali B	A new species of Apolysis Loew, 1860 from China (Diptera: Bombyliidae, Usiinae, Apolysini	Zootaxa	article-journal	2441		2010	20–26												
10.11646/zootaxa.2441.1.4	V.F. Zaitzev	On the fauna of bee flies (Diptera, Bombyliidae) of Mongolia I	Insects of Mongolia	chapter	I		1972	845–880	Nauka	Leningrad	I.M. Kerzhner;A.F. Emelyanov;L. Chogsomzhav									
10.11646/zootaxa.2441.1.4	V.F. Zaitzev	Some new species of bee flies (Diptera, Bombyliidae) from middle Asia and Kazakhstan	Zoologichesky Zhurnal	article-journal	51		1972	455–58												
10.11646/zootaxa.2441.1.4	V.F. Zaitzev	On the fauna of bee flies (Diptera, Bombyliidae) of Mongolia III	Insects of Mongolia	chapter	III		1975	546–556	Nauka	Leningrad	I.M. Kerzhner;A.F. Emelyanov;M.A. kozlov;L. Chogsomzhav									
10.11646/zootaxa.2441.1.5	J. Brèthes	Sur trois Coléoptères Chiliens	Revista Chilena de Historia Natural, Santiago	article-journal	25		1922	457–461, 41–42												
10.11646/zootaxa.2441.1.5	J. Brèthes	Description d’un nouveau Cioidae du Chile	Revista Chilena de Historia Natural, Santiago	article-journal	27		1924	29–30												
10.11646/zootaxa.2441.1.5	W.G. Downs	Polyvinyl alcohol: a medium for mounting and clearing biological specimens	Science (N.S	article-journal	97	2528	1943	539–540												
10.11646/zootaxa.2441.1.5	P. Germain	Descripcion de Coleopteros de diversas especies que no se hallan en la obra del señor Gay	Anales de la Universidad de Chile, Santiago	article-journal	12		1855	386–407												
10.11646/zootaxa.2441.1.5	Google Earth	Google Earth Free, 5.1. Google Software					2009							Available from:			http://earth.google.com/			
10.11646/zootaxa.2441.1.5	A. Hadley	CombineZM public domain image processing software					2006							Available from:			http://www.hadleyweb.pwp.blueyonder.co.uk/CZM/combinezm.htm			
10.11646/zootaxa.2441.1.5	R.J. Hijmans;L. Guarino;M. Cruz;E. Rojas	Computer tools for spatial analysis of plant genetic resources data: 1. DIVA-GIS	Plant Genetic Resources Newsletter	article-journal	127		2001	15–19						Program available from:			http://www.diva-gis.org			
10.11646/zootaxa.2441.1.5	P. Lesne	Coleoptera-Bostrychidae et Cioidae de Juan Fernandez	The Natural History of Juan Fernandez and Easter Island	chapter	3		1924	373–374	Zoology. Almquist & Wiksells	Uppsala	C. Skottsberg									
10.11646/zootaxa.2441.1.5	C. Lopes-Andrade;J.F. Lawrence	Phellinocis, a new genus of Neotropical Ciidae (Coleoptera: Tenebrionoidea	Zootaxa	article-journal	1034		2005	43–60												
10.11646/zootaxa.2441.1.5	C. Lopes-Andrade	Neoapterocis, a new genus of apterous Ciidae (Coleoptera: Tenebrionoidea) from Chile and Mexico	Zootaxa	article-journal	1481		2007	35–47												
10.11646/zootaxa.2441.1.5	C. Lopes-Andrade	The first record of Cis chinensis Lawrence from Brazil, with the delimitation of the Cis multidentatus species-group (Coleoptera: Ciidae	Zootaxa	article-journal	1755		2008	35–46												
10.11646/zootaxa.2441.1.5	J. Morrone	Biogeographical regions under track and cladistic scrutiny	Journal of Biogeography	article-journal	29		2002	149–152												
10.11646/zootaxa.2441.1.5	J.T. Salmon	New methods in microscopy for the study of small insects and arthropods	Transactions of the Royal Society of New Zealand	article-journal	77		1947	250–253												
10.11646/zootaxa.2441.1.6	J.M. Carpenter;B.R. Garcete-Barrett	A key to the Neotropical genera of Eumeninae (Hymenoptera: Vespidae	Boletín del Museo Nacional de Historia Natural del Paraguay	article-journal	14	1–2	2002	52–73												
10.11646/zootaxa.2441.1.6	J.M. Carpenter;B.R. Garcete-Barrett	Revision of the genus Parazumia de Saussure (Hymenoptera: Vespidae; Eumeninae	Folia Entomologica Mexicana	article-journal	44		2005	21–34												
10.11646/zootaxa.2441.1.6	B.R. Garcete-Barrett	La taxonomia del gênero Cephalastor Soika, parte I: el grupo relativus (Hym., Vespidae: Eumeninae	Boletín del Museo Nacional de Historia Natural del Paraguay	article-journal	13		2001	5–26												
10.11646/zootaxa.2441.1.6	B.R. Garcete-Barrett	Notes on Neotropical Eumeninae I (Hymenoptera: Vespidae	Boletín del Museo Nacional de Historia Natural del Paraguay	article-journal	13		2001	38–40												
10.11646/zootaxa.2441.1.6	B.R. Garcete-Barrett	Notes on Neotropical Eumeninae (Hymenoptera: Vespidae) II, the genus Incodynerus Willink	Boletín del Museo Nacional de Historia Natural del Paraguay	article-journal	14		2002	25–29												
10.11646/zootaxa.2441.1.6	B.R. Garcete-Barrett	Notas sobre Eumeninae neotropicales III (Hymenoptera: Vespidae	Boletín del Museo Nacional de Historia Natural del Paraguay	article-journal	14		2002	36–42												
10.11646/zootaxa.2441.1.6	B.R. Garcete-Barrett	A new species of Zethus (Hymenoptera: Vespidae: Eumeninae) from Eastern Paraguay	Boletín del Museo Nacional de Historia Natural del Paraguay	article-journal	14		2002	49–51												
10.11646/zootaxa.2441.1.6	B.R. Garcete-Barrett	La taxonomía del gênero Cephalastor Soika (Hymenoptera: Vespidae: Eumeninae), parte II	Boletín del Museo Nacional de Historia Natural del Paraguay	article-journal	14		2002	80–97												
10.11646/zootaxa.2441.1.6	B.R. Garcete-Barrett;M.G. Hermes	Two new species of Cephalastor Giordani Soika (Hymenoptera, Vespidae, Eumeninae), with a review of the phylogeny of the genus	Journal of Natural History	article-journal										In press.						
10.11646/zootaxa.2441.1.6	M.G. Hermes	Contribution to the knowledge of the Neotropical genus Plagiolabra von Schulthess (Hymenoptera, Vespidae, Eumeninae	Zootaxa	article-journal	1583		2007	15–22												
10.11646/zootaxa.2441.1.6	M.G. Hermes;B.R. Garcete-Barrett;A. Köhler	Taxonomic notes on the genus Pseudodynerus (Hymenoptera, Vespidae, Eumeninae	Iheringia Série Zoologia	article-journal	95	2	2005	189–195												
10.11646/zootaxa.2441.1.6	M.G. Hermes;G.A.R. Melo	Revision and cladistic analysis of the eumenine wasp genus Pseudodynerus de Saussure (Hymenoptera, Vespidae, Eumeninae	Systematic Entomology	article-journal	33		2008	361–394												
10.11646/zootaxa.4592.1.1	K. Absolon	Vorläufige Mittheilung über einige neue Collembolen aus den Höhlen des mährischen Karstes	Zoologischer Anzeiger	article-journal	23		1900	406–414												
10.11646/zootaxa.4592.1.1	K. Absolon	Zwei neue Collembolenformen aus den Hӧhlen des mährischen Karstes	Zoologischer Anzeiger	article-journal	24	634	1901	32–33												
10.11646/zootaxa.4592.1.1	J.A. Addison	Ecology of Collembola at high arctic site, Devon Island, N.W.T		thesis			1975	212	University of Calgary				Ph.D. Thesis,							
10.11646/zootaxa.4592.1.1	J.A. Addison	Population dynamics and biology of Collembola at Truelove Lowland	Truelove Lowland	chapter			1977	363–382	A high Arctic Ecosystem, University of Alberta Press	Devon Island, Canada	L.C. Bliss									
10.11646/zootaxa.4592.1.1	J.A. Addison	Influence of individual plant species on the distribution of arctic Collembola. Soil biology as related to land use practices	Proceedings of the VIIth International Soil Zoology Colloquium, Washington, Environment Protection Agency	paper-conference			1980	704–716												
10.11646/zootaxa.4592.1.1	J.A. Addison	Biology of Hypogastrura tullbergi (Collembola) at a high Arctic site	Holarctic Ecology	article-journal	4	1	1981	49–58									https://doi.org/10.1111/j.1600-0587.1981.tb00980.x	10.1111/j.1600-0587.1981.tb00980.x		
10.11646/zootaxa.4592.1.1	J.A. Addison	Safety Testing of Tebufenozide, a New Molt-Inducing Insecticide, for Effects on Nontarget Forest Soil Invertebrates	Ecotoxicology and Environmental Safety	article-journal	33		1996	55–61									https://doi.org/10.1006/eesa.1996.0006	10.1006/eesa.1996.0006		
10.11646/zootaxa.4592.1.1	J.A. Addison;D. Parkinson	Influence of Collembolan feeding activities on soil metabolism at a high arctic site	Oikos	article-journal	30	3	1978	529–538									https://doi.org/10.2307/3543348	10.2307/3543348		
10.11646/zootaxa.4592.1.1	J.A. Addison;J.A. Trofymow;V.G. Marshall	Abundance, species diversity, and community structure of Collembola in successional coastal temperate forests on Vancouver Island, Canada	Applied Soil Ecology	article-journal	24		2003	233–246									https://doi.org/10.1016/S0929-1393(03)00090-8	10.1016/S0929-1393(03)00090-8		
10.11646/zootaxa.4592.1.1	J.A. Addison;J.A. Trofymow;V.G. Marshall	Functional role of Collembola in successional coastal temperate forests on Vancouver Island, Canada	Applied Soil Ecology	article-journal	24		2003	247–261									https://doi.org/10.1016/S0929-1393(03)00089-1	10.1016/S0929-1393(03)00089-1		
10.11646/zootaxa.4592.1.1	J. Agrell	Ein Artproblem in der Collembolengattung Folsomia	Kungliga Fysiografiska Sällskapets i Lund Fӧrhandlingar	article-journal	9	13	1939	1–14												
10.11646/zootaxa.4592.1.1	J. Agrell	Kritisches Verzeichnis der schwedischen Collembolen mit einigen Neubeschreibungen und tiergeographischen Erörterungen	Opuscula entomologica	article-journal	8		1943	123–137												
10.11646/zootaxa.4592.1.1	H. Ågren	Diagnosen einiger Achorutiden aus Schweden	Entomologisk Tidskrift	article-journal	24		1903	126–128									https://doi.org/10.5962/bhl.part.11761	10.5962/bhl.part.11761		
10.11646/zootaxa.4592.1.1	H. Ågren	Lappländische Collembola	Arkiv för Zoologi	article-journal	2	1	1904	1–29												
10.11646/zootaxa.4592.1.1	C.W. Aitchison	A sampling technique for active subnivean invertebrates in southern Manitoba	The Manitoba Entomologist	article-journal	8		1974	32–36												
10.11646/zootaxa.4592.1.1	C.W. Aitchison	Winter-active subnivean invertebrates in Southern Canada	I. Collembola. Pedobiologia	article-journal	19		1979	113–120												
10.11646/zootaxa.4592.1.1	C.W. Aitchison	Low temperature and preferred feeding by winter-active Collembola (lnsecta, Apterygota	Pedobiologia	article-journal	25		1983	27–36												
10.11646/zootaxa.4592.1.1	C.W. Aitchison	The phenology of Collembola from South Central Canada	Pedobiologia	article-journal	27		1984	405–423												
10.11646/zootaxa.4592.1.1	C.W. Aitchison	A possible subnivean food chain	Winter Ecology of Small Mammals. Carnegie Museum of Natural History, Pittsburgh, Special publication	article-journal		10	1984	363–372			J.F. Merritt									
10.11646/zootaxa.4592.1.1	C.W. Aitchison	Low temperature feeding by winter-active spiders	Journal of Arachnology	article-journal	2		1984	297–305												
10.11646/zootaxa.4592.1.1	C.W. Aitchison	The ecology of winter-active collembolans and spiders		thesis			1984	170	University of Manitoba, Winnipeg				Ph.D. Thesis,							
10.11646/zootaxa.4592.1.1	D.C. Arulnayagam	Effect of clear-cutting on the diversity and distribution of Collembola in Western Newfoundland Balsam fir-Dryopteris and Equisetum-Rubus forests		thesis			1995	169	Department of Biology, Memorial University of Newfoundland, St. John’s	Newfoundland, Canada			M.Sc. Thesis,							
10.11646/zootaxa.4592.1.1	W.M. Axelson	Vorläufige Mittheilung über einige neue Collembolen-Formen aus Finnland	Meddelanden af Societatis pro Fauna et Flora Fennica	article-journal	26		1900	105–123									https://doi.org/10.5962/bhl.part.26726	10.5962/bhl.part.26726		
10.11646/zootaxa.4592.1.1	W.M. Axelson	Diagnosen neuer Collembolen aus Finland und angrenzenden Teilen des nordwestlichen Russlands	Meddelanden af Societatis pro Fauna et Flora Fennica	article-journal	28		1902	101–111												
10.11646/zootaxa.4592.1.1	W.M. Axelson	Beitrage zur Kenntniss der Collembolen-Fauna Sibiriens	Öfversigt af Finska Vetenskaps-Societetens Förhandlingar	article-journal	45	20	1903	1–13												
10.11646/zootaxa.4592.1.1	W.M. Axelson	Weitere Diagnosen über neue Collembolen-Formen aus Finland	Acta Societatis pro Fauna et Flora Fennica	article-journal	25	7	1903	1–13												
10.11646/zootaxa.4592.1.1	W.M. Axelson	Einige neue Collembolen aus Finnland	Zoologischer Anzeiger	article-journal	28	24/25	1905	788–794												
10.11646/zootaxa.4592.1.1	W.M. Axelson	Beitrag zur Kenntnis der Collembolenfauna in der Umgebung Revals	Acta Societatis pro Fauna et Flora Fennica	article-journal	28	2	1906	2–22												
10.11646/zootaxa.4592.1.1	W.M. Axelson	Die Apterygotenfauna Finlands. I. Allgemeiner tail	Acta Societatis Scientiarum Fennicae	article-journal	34	7	1907	1–134												
10.11646/zootaxa.4592.1.1	A. Babenko	Collembola communities of the Plateau of Devon Island	Abstracts of the VIIIth International Colloquium on Apterygota, Helsinki	article-journal			1992	41												
10.11646/zootaxa.4592.1.1	A.B. Babenko	Collembola in Polar Desert Region of Devon Island, Canada, NWT	Zoologicheskii Zhurnal	article-journal	72	8	1993	28–35						in Russian, English version:						
10.11646/zootaxa.4592.1.1	A.B. Babenko	Stachanorema tolerans sp	Polskie Pismo Entomologiczne	article-journal	n		1994	23–27												
10.11646/zootaxa.4592.1.1	A.B. Babenko	Collembola in Polar Desert landscapes of Devon Island (NWT, Canada	Arctic Insect News	article-journal	5		1994	2–4												
10.11646/zootaxa.4592.1.1	A.B. Babenko	The taxonomy and distribution of the genus Anurida (Collembola, Neanuridae) in the northern Palaearctic	European Journal of Entomology	article-journal	94		1997	511–536												
10.11646/zootaxa.4592.1.1	A.B. Babenko	Springtails (Hexapoda, Collembola) in Karst Landscapes of the Pinega State Reserve	Entomological Review	article-journal	88	2	2008	150–163									https://doi.org/10.1134/S0013873808020036	10.1134/S0013873808020036		
10.11646/zootaxa.4592.1.1	A.B. Babenko	Springtails (Collembola) of Eastern Chukotka: Characteristics of the Fauna and Species Assemblages	Entomological Review	article-journal	97	7	2017	870–892									https://doi.org/10.1134/S0013873817070041	10.1134/S0013873817070041		
10.11646/zootaxa.4592.1.1	A.B. Babenko	Springtails (Collembola) of the subpolar landscapes of the northern hemisphere	Entomological Review	article-journal	98	4	2018	383–406									https://doi.org/10.1134/S0013873818040012	10.1134/S0013873818040012		
10.11646/zootaxa.4592.1.1	A.B. Babenko;V.I. Bulavintsev	Fauna and populations of Collembola on the Novaya Zemlya Archipelago	Russian Entomological Journal	article-journal	2	3–4	1993	3–19												
10.11646/zootaxa.4592.1.1	A.B. Babenko;V.I. Bulavintsev	Springtails (Collembola) of Eurasian polar deserts	Zoologicheskii Zhurnal	article-journal	76	2	1997	409–417						in Russian, English version:						
10.11646/zootaxa.4592.1.1	A. Babenko;A. Fjellberg	Collembola septentrionale. A catalogue of springtails of the Arctic regions		book			2006	190	KMK Scientific Press Ltd, Moscow											
10.11646/zootaxa.4592.1.1	A.B. Babenko;A. Fjellberg	Subdivision of the tribe Oligaphorurini in the light of new and lesser known species from North-East Russia (Collembola, Onychiuridae, Onychiurinae	ZooKeys	article-journal	488		2015	47–75									https://doi.org/10.3897/zookeys.488.8123	10.3897/zookeys.488.8123		
10.11646/zootaxa.4592.1.1	A.B. Babenko;A. Fjellberg	Onychiuridae (Collembola) of the western Beringia	Zoologicheskii Zhurnal	article-journal	95	8	2016	905–930									https://doi.org/10.7868/S0044513416060039	10.7868/S0044513416060039		
10.11646/zootaxa.4592.1.1	A. Babenko;D. Skarżyński	Ceratophysella lobata sp. n. from Siberia with notes on C. brevisensillata Yosii, 1961 (Collembola: Hypogastruridae	Revue Suisse de Zoologie	article-journal	118	2	2011	257–264									https://doi.org/10.5962/bhl.part.117808	10.5962/bhl.part.117808		
10.11646/zootaxa.4592.1.1	A.B. Babenko;M.B. Potapov;S.K. Stebaeva;N.M. Chernova	Opredelitel kollembol fauny Rossii i sopredelnykh stran. Semeistvo Hypogastruridae					1994	336	Nauka, Moscow		Chernova N.M			in Russian].						
10.11646/zootaxa.4592.1.1	A.B. Babenko;M.B. Potapov;A.A. Taskaeva	The collembolan fauna of the East European tundra	Russian Entomological Journal	article-journal	26	1	2017	1–30												
10.11646/zootaxa.4592.1.1	G.A. Bacon	A new Species of Collembola from Laguna Beach	Journal of Entomology and Zoology	article-journal	5	4	1913	202–204												
10.11646/zootaxa.4592.1.1	G.A. Bacon	A new Species of Tullbergia	Journal of Entomology and Zoology	article-journal	6	2	1914	84–86												
10.11646/zootaxa.4592.1.1	G.A. Bacon	The Distribution of Collembola in the Claremont-Laguna Region of California	Journal of Entomology and Zoology	article-journal	6	3	1914	137–179												
10.11646/zootaxa.4592.1.1	R.S. Bagnall	Notes on British Collembola	Entomologist’s Monthly Magazine	article-journal	75		1939	21–28 56–59												
10.11646/zootaxa.4592.1.1	R.S. Bagnall	Notes on British Collembola. VI	Entomologist’s Monthly Magazine	article-journal	76		1940	97–102												
10.11646/zootaxa.4592.1.1	R.S. Bagnall	Notes on British Collembola	Entomologist’s Monthly Magazine	article-journal	77		1941	217–226												
10.11646/zootaxa.4592.1.1	R.S. Bagnall	Contributions toward a knowledge of the Onychiuridae (Collembola–Onychiuroidea). I–IV	Annals and Magazine of Natural History	article-journal	14	117	1948	631–642									https://doi.org/10.1080/00222934708654672	10.1080/00222934708654672		
10.11646/zootaxa.4592.1.1	R.S. Bagnall	Contribution towards a knowledge of the Onychiuridae (Collembola–Onychiuroidea). V–X	Annals and Magazine of Natural History	article-journal	2	19	1949	498–511									https://doi.org/10.1080/00222934908654001	10.1080/00222934908654001		
10.11646/zootaxa.4592.1.1	R.S. Bagnall	Contributions towards a knowledge of the Isotomidae (Collembola). I–VI	Annals and Magazine of Natural History	article-journal	1	8	1949	529–541									https://doi.org/10.1080/00222934808653930	10.1080/00222934808653930		
10.11646/zootaxa.4592.1.1	R.S. Bagnall	Contributions towards a knowledge of the Isotomidae (Collembola). VII–XV	Annals and Magazine of Natural History	article-journal	2	14	1949	81–96									https://doi.org/10.1080/00222934908653961	10.1080/00222934908653961		
10.11646/zootaxa.4592.1.1	N. Banks	Descriptions of two new smynthurids	Journal of the New York Entomological Society	article-journal	5		1897	33–34												
10.11646/zootaxa.4592.1.1	N. Banks	The Smynthuridae of Long Island, New York	Journal of the New York Entomological Society	article-journal	7		1899	193–197												
10.11646/zootaxa.4592.1.1	N. Banks	New Smynthuridae from the District of Columbia	Proceedings of the Entomological Society of Washington	article-journal	5		1903	154–155												
10.11646/zootaxa.4592.1.1	J.P. Battigelli;V.G. Marshall	Relationships between soil fauna and soil pollutants	Proceedings of the Forest Ecosystem Dynamics Workshop February 10–11	paper-conference			1993	31–34	Government of Canada, Province of British Columbia				FRDA II Report 210.							
10.11646/zootaxa.4592.1.1	B.P. Beirne	Pest insects of annual crop plants in Canada. Part VI. Other groups (Hymenoptera, Dermaptera, Thysanoptera, and Collembola) and Acarina and Symphyla	Memoirs of the Entomological Society of Canada	article-journal	104, Supplement S85		1972	58–73									https://doi.org/10.4039/entm10485058-1	10.4039/entm10485058-1		
10.11646/zootaxa.4592.1.1	P.F. Bellinger	A new genus and species of Isotomidae (Collembola	Psyche, Cambridge	article-journal	59		1952	20–25												
10.11646/zootaxa.4592.1.1	P.F. Bellinger;K.A. Christiansen;F. Janssens	Checklist of the Collembola of the world					1996							Available from:			http://www.collembola.org			
10.11646/zootaxa.4592.1.1	N.W. Berg;S. Pawluk	Soil mesofaunal studies under different vegetative regimes in North Central Alberta	Canadian Journal of Soil Science	article-journal	64		1984	209–223									https://doi.org/10.4141/cjss84-022	10.4141/cjss84-022		
10.11646/zootaxa.4592.1.1	E.C. Bernard	A new species of Isotomodes from North America (Collembola: Isotomidae	Revue d’Écologie et de Biologie du Sol	article-journal	10	1	1973	125–130												
10.11646/zootaxa.4592.1.1	E.C. Bernard	A new genus and species of Isotomidae (Collembola), and a redescription of Cryptopygus exilis (Gisin) n. comb	The Great Lakes Entomologist	article-journal	10	2	1977	75–81												
10.11646/zootaxa.4592.1.1	E.C. Bernard	Redescriptions of Hypogastruridae and Onychiuridae (Collembola) described by David L	Wray. Zootaxa	article-journal	3918	3	2015	301–338									https://doi.org/10.11646/zootaxa.3918.3.1	10.11646/zootaxa.3918.3.1		
10.11646/zootaxa.4592.1.1	E.C. Bernard;R.J. Snider	Cryptopygus bipunctatus (Collembola: Isotomidae	The Great Lakes Entomologist	article-journal	27	3	1994	149–156			North America;C. n									
10.11646/zootaxa.4592.1.1	J.-M. Betsch	Collemboles Symphypléones de la Mongolie (Collembola	Annales historico-naturales Musei nationalis hungarici	article-journal	69		1977	59–88												
10.11646/zootaxa.4592.1.1	R.D. Bird	Biotic communities of the aspen parkland of central Canada	Ecology	article-journal	11	2	1930	356–442									https://doi.org/10.2307/1930270	10.2307/1930270		
10.11646/zootaxa.4592.1.1	G.A. Bird;L. Chatarpaul	Effect of whole-tree and conventional forest harvest on soil microarthropods	Canadian Journal of Zoology	article-journal	64	9	1986	1986–1993									https://doi.org/10.1139/z86-299	10.1139/z86-299		
10.11646/zootaxa.4592.1.1	H. Bӧdvarsson	One new genus and three new species of Collembola from Alaska	Opuscula entomologica	article-journal	25	1–2	1960	43–51												
10.11646/zootaxa.4592.1.1	K.K. Bohnsack	Distribution and abundance of tundra arthropods in the vicinity of Pt		report			1968	111	Arctic Institute of North America	Barrow, Alaska			Final Report,							
10.11646/zootaxa.4592.1.1	F. Bonet	Un nueno nombre para un género de Oncopoduridae (Collembola	Ciencia, Mexico	article-journal	5	4–5	1944	110												
10.11646/zootaxa.4592.1.1	F. Bonet	Nuevos géneros y especies de Hypogastruridos de Mexico (Collembola	Revista de la Sociedad Mexicana de Historia natural	article-journal	6	1–2	1945	15–45												
10.11646/zootaxa.4592.1.1	C. Börner	Vorläufige Mittheilung zur Systematik der Sminthuridae Tullb. inbesondere des Genus Sminthurus Latreille	Zoologischer Anzeiger	article-journal	23	630	1900	609–618												
10.11646/zootaxa.4592.1.1	C. Börner	Vorläufige Mittheilung über einige neue Aphorurinen und zur Systematik der Collembola	Zoologischer Anzeiger	article-journal	24	633	1901	1–15												
10.11646/zootaxa.4592.1.1	C. Börner	Über einige theilweise neue Collembolen aus den Höhlen der Gegend von Letmathe in Westfalen	Zoologischer Anzeiger	article-journal	24	645	1901	333–345												
10.11646/zootaxa.4592.1.1	C. Börner	Über ein neues Achorutiden genus Willemia, sowie 4 weitere neue Collembolenformen derselben Familie	Zoologischer Anzeiger	article-journal	24	648	1901	422–432												
10.11646/zootaxa.4592.1.1	C. Börner	Neue Collembolenformen und zur Nomenclatur der Collembola Lubb	Zoologischer Anzeiger	article-journal	24	657/658	1901	696–712												
10.11646/zootaxa.4592.1.1	C. Börner	Zur Kenntnis der Apterygoten-Fauna von Bremen und der Nachbardistrikte	Abhandlungen des Naturwissenschaftlichen Vereins zu Bremen	article-journal	17		1901	1–141									https://doi.org/10.5962/bhl.part.18332	10.5962/bhl.part.18332		
10.11646/zootaxa.4592.1.1	C. Börner	Neue altweltliche Collembolen, nebst Bemerkungen zur Systematik der Isotominen und Entomobryinen	Sitzungsberichten der Gesellschaft naturforschender Freunde zu Berlin	chapter			1903	129–182									https://doi.org/10.5962/bhl.part.29866	10.5962/bhl.part.29866		
10.11646/zootaxa.4592.1.1	C. Börner	Das System der Collembolen nebst Beschreibung neuer Collembolen des Hamburger Naturhistorischen Museums	Mitteilungen aus dem Naturhistorischen Museum in Hamburg	article-journal	23		1906	147–188												
10.11646/zootaxa.4592.1.1	C. Börner	Collembolen aus Sudafrika nebst einer Studie über die I. Maxille der Collembolen	Denkschriften der Medicinisch-Naturwissenschaftlichen Gesellschaft zu Jena	article-journal	13		1908	51–68			L. Schultze									
10.11646/zootaxa.4592.1.1	C. Börner	Japans Collembolenfauna	Sitzungsberichten der Gesellschaft naturforschender Freunde zu Berlin	article-journal	2		1909	99–135												
10.11646/zootaxa.4592.1.1	C. Börner	Apterygota	Fauna von Deutschland	chapter			1932	136–143		Leipzig	P. Brohmer	4th								
10.11646/zootaxa.4592.1.1	A. Bourlet	Mémoires sur les Podures. Mémoires de la Société Royale des Sciences de l’Agriculture et des	Arts de Lille	article-journal	1		1839	377–417												
10.11646/zootaxa.4592.1.1	A. Bourlet	Mémoire sur les Podurides et les Sminthurides	Annales de la Société entomologique de France	article-journal	10		1842	– ,		LVII–LVIII										
10.11646/zootaxa.4592.1.1	A. Bourlet	Mémoire sur les podurelles. Mémoires de la Société centrale d'agriculture, sciences et arts du département du Nord, séant à Douai					1842	89–167												
10.11646/zootaxa.4592.1.1	R.H. Brand;ChP Dunn	Diversity and Abundance of Springtails (Insecta: Collembola) in Native and Restored Tallgrass Prairies	The American Midland Naturalist	article-journal	139	2	1998	235–242									https://doi.org/10.1674/0003-0031(1998)139	10.1674/0003-0031(1998)139		
10.11646/zootaxa.4592.1.1	G. Bretfeld	Synopses on Palaearctic Collembola	V	article-journal	71	1	1999	1–318												
10.11646/zootaxa.4592.1.1	G. Bretfeld	Third report on Symphypleona from Russia, and also from Georgia, Kazakhstan, Kirghizia, and the Ukraine (Insecta, Collembola	Abhandlungen und Berichte des Naturkundemuseums, Gӧrlitz	article-journal	72	1	2000	1–57												
10.11646/zootaxa.4592.1.1	G. Bretfeld	Fifth report on Symphypleona from Russia, and also a review of Deuterosminthurus kaplini Martynova, 1979 from Turkmenistan (Insecta, Collembola	Soil Organisms	article-journal	82	3	2010	301–316												
10.11646/zootaxa.4592.1.1	W.H. Brittain	The garden springtail (Sminthurus hortensis Fitch) as a crop pest	The Proceedings of the Acadian Entomological Society for	paper-conference	9		1924	37–47												
10.11646/zootaxa.4592.1.1	A.B. Broadbent;A.D. Tomlin	Effects of carbofuran on the soil microarthropod community in a cornfield	Soil Biology as Related to Land Use Practices. Proceedings of the VIIth International Colloquium of Soil Zoology, Syracuse. Environmental Protection Agency	paper-conference			1980	82–93		Washington, DC	D.L. Dindal									
10.11646/zootaxa.4592.1.1	F. Brodo	The insects, mites, and spiders of Hot Weather Creel, Ellesmere Island, Nunavut	Environmental Response to Climate Change in the Canadian high Arctic. Geological Survey of Canada	chapter	Bulletin 529		2000	145–173			M. Garneau;B.T. Alt						https://doi.org/10.4095/211956	10.4095/211956		
10.11646/zootaxa.4592.1.1	G. Brook	On a new Genus of Collembola (Sinella) allied to Degeeria, Nicolet	Zoological Journal of the Linnean Society	article-journal	16	95	1882	541–545									https://doi.org/10.1111/j.1096-3642.1882.tb02398.x	10.1111/j.1096-3642.1882.tb02398.x		
10.11646/zootaxa.4592.1.1	G. Brook	A Revision of the Genus Entomobrya, Rond	Zoological Journal of the Linnean Society	article-journal	17	101	1883	269–346							Nic) Degeeria					
10.11646/zootaxa.4592.1.1	A.W.A. Brown	A contribution to the insect fauna of Timagami	The Canadian Entomologist	article-journal	66	9	1934	206–211									https://doi.org/10.4039/Ent66206-9	10.4039/Ent66206-9		
10.11646/zootaxa.4592.1.1	J.M. Brown	Report on the Collembola collected by the Oxford University Expedition to Hudson Strait, 1931	Annals and Magazine of Natural History	article-journal	10	58	1932	330–340												
10.11646/zootaxa.4592.1.1		Springtails (Collembola) of the St. Louis Area	Transactions of the Academy of Science of Saint Louis	article-journal	30	1	1939	5–30			E.D. Büker									
10.11646/zootaxa.4592.1.1	K.P. Butler	Hypogastrura (Ceratophysella) maheuxi	Le Naturaliste Canadien	article-journal	n. sp		1966	683–687	Hypogastruridae	Collembola										
10.11646/zootaxa.4592.1.1	D.R. Calder;J.S. Bleakney	Microarthropod ecology of a porcupine-inhabited cave in Nova Scotia	Ecology	article-journal	46		1965	895–899									https://doi.org/10.2307/1934031	10.2307/1934031		
10.11646/zootaxa.4592.1.1	D.R. Calder;J.S. Bleakney	Observations on Frenchman's Cave, Nova Scotia and its fauna	Bulletin of the National Speleological Society	article-journal	29	1	1967	23–25												
10.11646/zootaxa.4592.1.1	L. Caesar;W.A. Ross	Insects of the season 1932 in Ontario	Annual Report of the Entomological Society of Ontario	article-journal	63		1932	13–20												
10.11646/zootaxa.4592.1.1	M. Canby	A new species of Collembola from California	Journal of Entomology and Zoology	article-journal	18		1926	41–42												
10.11646/zootaxa.4592.1.1	R.A. Cannings	Checklist of the Collembola: Nomina Collembola Canada British Columbia					2010							Available from:			http://www.collembola.org/publicat/collbc.pdf			
10.11646/zootaxa.4592.1.1	R.A. Cannings;S.G. Cannings	Chapter 10. Terrestrial Arthropods of Brook Peninsula	Brook Peninsula: An Ice Age Refugium on Vancouver Island. (Occasional Paper No. 5	chapter			1997	10 1–10 69	BC Parks, Ministry of Environment, Lands and Parks	Victoria	R.J. Hebda;J.C. Haggarty									
10.11646/zootaxa.4592.1.1	R.A. Cannings;G.G.E. Scudder	The families of springtails (Collembola) of British Columbia	E-Fauna BC: Electronic Atlas of the Fauna of British Columbia [online]. Lab for Advanced Spatial Analysis, Department of Geography	chapter			2005		University of British Columbia	Vancouver	B. Klinkenberg			Available from:			http://www.efauna.bc.ca			
10.11646/zootaxa.4592.1.1	J. Carl;J. Lebedinsky	Materialien zur Hӧhlenfauna der Krim	Zoologischer Anzeiger	article-journal	28	16–17	1905	562–565												
10.11646/zootaxa.4592.1.1	E. Caroli	Fauna degli Astrioni. 4. Collembola. 1 su di unnuovo genere di Neelidae	Annuario del Museo Zoologico della Università di Napoli	chapter	N.S.), 3. Suppl. 1		1912	1–5												
10.11646/zootaxa.4592.1.1	G.H. Carpenter	Collembola from Franz-Josef Land (collected by Mr. W.S. Bruce, 1896–1897	Proceedings of the Royal Dublin Society, New Series	article-journal	9	3	1900	271–276												
10.11646/zootaxa.4592.1.1	G.H. Carpenter;K. Phillips	The Collembola of Spitsbergen and Bear Island	Proceeding of the Royal Irish Academy	article-journal	36 B		1922	11–21												
10.11646/zootaxa.4592.1.1	L.M. Cass	Outbreak of a springtail, Achorutes nivicolus Fitch, at Ottawa	The Canadian Entomologist	article-journal	83	4	1951	107												
10.11646/zootaxa.4592.1.1	P. Cassagnau	Sur un Essai de classification des Neanuridae Holarctiques et sur quelques espèces de ce groupe	Vue Française d’Entomologie	article-journal	22	2	1955	134–163												
10.11646/zootaxa.4592.1.1	P. Cassagnau	Faune française des Collemboles. VII. Un nouveau genre d’Isotomidae de haute montagne	Bulletin de la Société zoologique de France	article-journal	82		1957	393–395												
10.11646/zootaxa.4592.1.1	P. Cassagnau	Les espèces Europèennes du Genre Friesea (Collemboles Poduromorphes	Bulletin de la Société d’Histoire Naturelle de Toulouse	article-journal	93		1958	17–29												
10.11646/zootaxa.4592.1.1	P. Cassagnau	Contribution a la connaisance du genre Tetracanthella Schӧtt 1981 (Collemboles Isotomidae	Mémoires du Muséum National d’Histoire Naturelle, Paris, Série A. Zoologie	article-journal	16	7	1959	199–258												
10.11646/zootaxa.4592.1.1	P. Cassagnau	Un Collembola adapté a la prédation: Cephalotoma grandiceps (Reuter	Nouvelle Revue d’Entomologie	article-journal	2	1	1972	5–12												
10.11646/zootaxa.4592.1.1	P. Cassagnau	Les Collemboles Neanuridae des pays Dinaro-Balkaniques: leur interêt phylogénétique et biogeograhique	Biologia Gallo-Hellenica	article-journal	8		1979	185–203												
10.11646/zootaxa.4592.1.1	P. Cassagnau	Un nouveau modele phylogenetique chez les Collemboles Neanurinae	Nouvelle Revue d’Entomologie	article-journal	13	1	1983	3–27												
10.11646/zootaxa.4592.1.1	M. Chagnon;Ch Hébert;D. Paré	Community structures of Collembola in sugar maple forests: relations to humus type and seasonal trends	Pedobiologia	article-journal	44		2000	148–174									https://doi.org/10.1078/S0031-4056(04)70035-9	10.1078/S0031-4056(04)70035-9		
10.11646/zootaxa.4592.1.1	M. Chagnon;D. Pare;Ch Hébert	Relationships between soil chemistry, microbial biomass and the collembolan fauna of southern Quebec sugar maple stands	Ecoscience	article-journal	7	3	2000	307–316									https://doi.org/10.1080/11956860.2000.11682600	10.1080/11956860.2000.11682600		
10.11646/zootaxa.4592.1.1	M. Chagnon;D. Paré;S. Brais	La biodiversité des collemboles et les débris ligneux après-coupe	Le Naturaliste Canadien	article-journal	125	3	2001	123–125												
10.11646/zootaxa.4592.1.1	M. Chagnon;D. Paré;Ch Hébert;C. Camiré	Effects of experimental liming on collembolan communities and soil microbial biomass in a southern Quebec sugar maple (Acer saccharum Marsh.) stand	Applied Soil Ecology	article-journal	17		2001	81–90									https://doi.org/10.1016/S0929-1393(00)00134-7	10.1016/S0929-1393(00)00134-7		
10.11646/zootaxa.4592.1.1	G.L. Challet;K.K. Bohnsack	Distribution and abundance of Collembola at Pt	Barrow, Alaska. Pedobiologia	article-journal	8	2	1968	214–222												
10.11646/zootaxa.4592.1.1	R. Chamberlein	Four new species of Collembola	The Great Basin Naturalist	article-journal	4	1/2	1943	39–48												
10.11646/zootaxa.4592.1.1	J.-X. Chen;K. Christiansen	Subgenus Coecobrya of the Genus Sinella (Collembola: Entomobryidae) with Special Reference to the Species of China	Annals of the Entomological Society of America	article-journal	90	1	1997	1–19									https://doi.org/10.1093/aesa/90.1.1	10.1093/aesa/90.1.1		
10.11646/zootaxa.4592.1.1	YuI Chernov	The Animal World of the Polar Desert on the Devon Island Plateau, Canadian Arctic Archipelago	Zoologicheskii Zhurnal	article-journal	84	5	2004	604–614						in Russian, English version:						
10.11646/zootaxa.4592.1.1	K. Christiansen	Notes on Alaskan Collembola. I. A new genus and species of the family Isotomidae	Psyche, Cambridge	article-journal	58	1	1951	24–31									https://doi.org/10.1155/1951/70857	10.1155/1951/70857		
10.11646/zootaxa.4592.1.1	K. Christiansen	Notes on Alaskan Collembola. II. Three new species of arctic Collembola	Psyche, Cambridge	article-journal	58	4	1952	125–140									https://doi.org/10.1155/1951/13918	10.1155/1951/13918		
10.11646/zootaxa.4592.1.1	K.A. Christiansen	Nearctic members of the genus Entomobrya (Collembola	Bulletin of the Museum of comparative Zoology, Harvard	article-journal	118	7	1958	440–545												
10.11646/zootaxa.4592.1.1	K.A. Christiansen	The Collembola of Hunter’s Cave	Bulletin of the National Speleological Society	article-journal	23	2	1961	59–63												
10.11646/zootaxa.4592.1.1	K.A. Christiansen	A Revision of the Members of the Genus Tomocerus (Collembola Entomobryidae	Revue d’Écologie et de Biologie du Sol	article-journal	1	4	1964	639–678												
10.11646/zootaxa.4592.1.1	K.A. Christiansen	The genus Arrhopalites (Collembola, Sminthuridae) in the United States and Canada	International Journal of Speleology	article-journal	2		1966	43–73									https://doi.org/10.5038/1827-806X.2.1.5	10.5038/1827-806X.2.1.5		
10.11646/zootaxa.4592.1.1	K.A. Christiansen;P. Bellinger	Six New Nearctic Species of the Genus Friesea (Collembola: Poduromorpha	The Pan-Pacific Entomologist	article-journal	49	4	1973	389–395												
10.11646/zootaxa.4592.1.1	K. Christiansen;P. Bellinger;Poduridae;Hypogastruridae	The Collembola of North America, North of the Rio Grande	Onychiuridae & Isotomidae	article-journal	Part 3		1980			Entomobryidae. Grinnell College, Grinnell, Iowa		1st	Part 1.							
10.11646/zootaxa.4592.1.1	K. Christiansen;P. Bellinger	The Collembola of North America, North of the Rio Grande	Part 4. Families Neelidae and Sminthuridae	chapter			1981			Grinnell College, Grinnell, Iowa		1st								
10.11646/zootaxa.4592.1.1	K. Christiansen;P. Bellinger;Hawaii	Collembola	Parasites, etc	article-journal	15		1992	445	University of Hawaii Press, Honolulu							In: Insects				
10.11646/zootaxa.4592.1.1	K. Christiansen;P. Bellinger	Cave Arrhopalites New to Science	Journal of Cave and Karst Studies	article-journal	58	3	1996	168–180												
10.11646/zootaxa.4592.1.1	K.A. Christiansen;P. Bellinger	The Collembola of North America, North of the Rio Grande					1998			Grinnell College, Grinnell, Iowa		2nd								
10.11646/zootaxa.4592.1.1	K. Christiansen;E. Pike	A preliminary report on the Cretaceous Collembola	Proceedings of the Xth International Colloquium on Apterygota, České Budĕjovice 2000: Apterygotan at the beginning of the third millennium. Pedobiologia	paper-conference	46		2002	267–273												
10.11646/zootaxa.4592.1.1	K. Christiansen;E. Pike	Cretaceous Collembola (Arthropoda, Hexapoda) from the Upper Cretaceous of Canada	Cretaceous Research	article-journal	23		2002	165–188									https://doi.org/10.1006/cres.2002.0313	10.1006/cres.2002.0313		
10.11646/zootaxa.4592.1.1	K.A. Christiansen;B.E. Tucker	Four new Nearctic species of Folsomia (Collembola, Isotomidae	Revue d’Écologie et de Biologie du Sol	article-journal	14		1977	371–382												
10.11646/zootaxa.4592.1.1	J.W. Cockle	Snow insects	Proceedings of the Entomological Society of British Columbia	paper-conference	4		1914	51–52												
10.11646/zootaxa.4592.1.1	T.C. Coleman	The Poduridae of southern California	Journal of Entomology and Zoology	article-journal	33		1941	1–12												
10.11646/zootaxa.4592.1.1	K.W.von Dalla Torre	Die Gattungen und Arten der Apterygogenea (Brauer). Sechsundvierzigstes Programm des K.K		book			1895	1–23	Staats-Gymnasiums	Innsbruck										
10.11646/zootaxa.4592.1.1	H.V. Danks	Arthropods of Polar Bear Pass, Bathurst Island, Arctic Canada	Syllogeus	article-journal	25		1980	68												
10.11646/zootaxa.4592.1.1	H.V. Danks	Arctic Arthropods		book			1981	608	Tyrell Press Ltd., Ottawa											
10.11646/zootaxa.4592.1.1	H.V. Danks;J.R. Byers	Insects and arachnids of Bathurst Island, Canadian Arctic Archipelago	The Canadian Entomologist	article-journal	104	1	1972	81–88									https://doi.org/10.4039/Ent10481-1	10.4039/Ent10481-1		
10.11646/zootaxa.4592.1.1	D.H.S. Davis	A reconnaissance of the fauna of Akpatok Island, Ungava bay	Journal of Animal Zoology	article-journal	5	2	1936	319–322												
10.11646/zootaxa.4592.1.1	L. Deharveng	Deux nouvelles Tetracanthella des Etat-Unis	Nouvelle Revue d’Entomologie	article-journal	8	2	1978	113–115												
10.11646/zootaxa.4592.1.1	L. Deharveng	La chétotaxie dorsale de l’antenne et son intérét phylogénétique chez les Collemboles Neanuridae	Nouvelle Revue d’Entomologie	article-journal	11	1	1981	3–13												
10.11646/zootaxa.4592.1.1	L. Deharveng	Revision Taxonomique du genre Tetracanthella Schött, 1891	Travaux du Laboratoire d’Écobiologie des Arthropodes Édaphiques, Toulouse	article-journal	5	3	1987	1–151												
10.11646/zootaxa.4592.1.1	L. Deharveng	Recent advances in Collembola systematics	The VIth International Seminar on Apterygota	article-journal	48		2004	415–433		Siena, Italy							https://doi.org/10.1016/j.pedobi.2004.08.001	10.1016/j.pedobi.2004.08.001		
10.11646/zootaxa.4592.1.1	C. Delamare Deboutteville	Notes faunistiques sur les Collemboles de France (Septieme Note 1	Revue française d'entomologie	article-journal	17		1950	42–47												
10.11646/zootaxa.4592.1.1	C. Delamare Deboutteville;Z. Massoud	Collophora remanei n.sp., collembole symphypléone du Péru et remarques sur le genre Collophora Richards et sa position systématique	Zoologischer Anzeiger	article-journal	172	1	1964	30–36												
10.11646/zootaxa.4592.1.1	J.R. Denis	Notes zur les Aptérygotes. II. Sur la faune française des Aptérygotes	Annales de la Société entomologique de France	article-journal	92		1923	237–246												
10.11646/zootaxa.4592.1.1	J.R. Denis;	Notes sur les Collemboles récoltés dans ses voyages par le Prof	Scuola superiore d'agricoltura in Portici	article-journal	22		1929	176–180												
10.11646/zootaxa.4592.1.1	J.R. Denis;	Contributo alla conosenza del “Microgenton	Scuola superiore d'agricoltura in Portici	article-journal	25		1931	69–170												
10.11646/zootaxa.4592.1.1	J.R. Denis	Contributo alla conosenza del “Microgenton” di Costa Rica. III. Collemboles de Costa Rica avec une contribution au species de l’ordre (deuxieme note	Bollettino del Laboratorio di zoologia generale e agraria della R. Scuola superiore d'agricoltura in Portici	article-journal	27		1933	222–322												
10.11646/zootaxa.4592.1.1	E. Desor	Excursions et séjour de M. Agassiz sur la mer de glace du Lauteraar et du Finsteraar, en société de plusieurs naturalistes	Bibliothèque Universelle de Genève (Nouvelle Serie	chapter	32		1841	116–399												
10.11646/zootaxa.4592.1.1	C. D’Haese	Is Psammophily an Evolutionary Dead End? A Phylogenetic Test in the Genus Willemia (Collembola: Hypogastruridae	Cladistics	article-journal	16		2000	255–273									https://doi.org/10.1006/clad.2000.0131	10.1006/clad.2000.0131		
10.11646/zootaxa.4592.1.1	W. Dunger;B. Schlitt	Synopses on Palaearctic Collembola. Tullbergiidae	Soil Organisms	article-journal	83	1	2011	1–168												
10.11646/zootaxa.4592.1.1	J.S. Edwards	Arthropod fallout on Alaskan snow	Arctic and Alpine Research	article-journal	4	2	1972	167–176									https://doi.org/10.2307/1550399	10.2307/1550399		
10.11646/zootaxa.4592.1.1	E.O. Essig	Insects of Western North America		book			1926		MacMillan Co	New York										
10.11646/zootaxa.4592.1.1	E.O. Essig	College Entomology		book			1942	900	MacMillan Co	New York										
10.11646/zootaxa.4592.1.1	J.C. Fabricius	Systema entomologiae: sistens insectorvm classes, ordines, genera, species, adiectis synonymis, locis, descriptions, observations	Flensbvrgi et Lipsiae: In Officina Libraria Kortii	chapter			1775	832									https://doi.org/10.5962/bhl.title.36510	10.5962/bhl.title.36510		
10.11646/zootaxa.4592.1.1	O. Fabricius	Fauna Groenlandica: systematice sistens animalia Groenlandiae occidentalis hactenus indagata, quoad nomen specificum, triviale, vernaculumque: synonyma auctorum plurium, descriptionem, locum, victum, generationem, mores, usum, capturamque singuli, prout detegendi occasio fuit: maximaque parte secundum proprias observations		book			1780	450	Hafniae, Impensis Ioannis Gottlob Rothe								https://doi.org/10.5962/bhl.title.13489	10.5962/bhl.title.13489		
10.11646/zootaxa.4592.1.1	O. Fabricius	Beskrivelse over nogle lidet bekiendte podurer, og en besonderlig loppe	Kongelige Danske videnskabernes selskabs skrifter	article-journal	2		1783	296–311												
10.11646/zootaxa.4592.1.1	A. Fitch	Winter Insects of the Eastern New York	The American Quarterly Journal of Agriculture and Science	article-journal	5		1847	274–284												
10.11646/zootaxa.4592.1.1	A. Fitch	Eight report on the noxious and other insects of the State of New York	Transactions of the New York State Agricultural Society	article-journal	22		1863	657–691												
10.11646/zootaxa.4592.1.1	A. Fjellberg	Anurida frigida. A New Species of Collembola (Hypogastruridae) from Swedish Lappland	Norsk entomologisk Tidsskrift	article-journal	20		1973	285–287												
10.11646/zootaxa.4592.1.1	A. Fjellberg	Some morphological differences between Proisotoma minuta (Tullberg, 1871) and P	Norsk entomologisk Tidsskrift	article-journal	20		1973	273–274						clavipila (Axelson, 1903) (Collembola, Isotomidae).						
10.11646/zootaxa.4592.1.1	A. Fjellberg	Vertagopus pseudocinereus n. sp. A new species of Collembola (Isotomidae) from North Norway	Entomologica Scandinavica	article-journal	6		1975	212–214									https://doi.org/10.1163/187631275X00037	10.1163/187631275X00037		
10.11646/zootaxa.4592.1.1	A. Fjellberg	Cyclomorphosis in Isotoma hiemalis Schӧtt, 1893 (mucronata Axelson, 1900) syn. nov	Collembola, Isotomidae). Revue d’Écologie et de Biologie du Sol	article-journal	13	2	1976	381–384												
10.11646/zootaxa.4592.1.1	A. Fjellberg	On the identity of Isotoma ekmani nom	Entomologica Scandinavica	article-journal	8		1977	9–11						nov. pro I. pallida Agrell, 1939 (nec Nicolet, 1842, Moniez, 1894) (Collembola, Isotomidae).			https://doi.org/10.1163/187631277X00026	10.1163/187631277X00026		
10.11646/zootaxa.4592.1.1	A. Fjellberg	New species of the genus Isotoma Bourlet, 1839 from North America (Collembola: Isotomidae	Entomologica Scandinavica	article-journal	9		1978	93–110									https://doi.org/10.1163/187631278X00034	10.1163/187631278X00034		
10.11646/zootaxa.4592.1.1	A. Fjellberg	Revision of the European species of the Isotoma olivacea-group (Collembola, Isotomidae	Entomologica Scandinavica	article-journal	10		1979	91–108									https://doi.org/10.1163/187631279X00231	10.1163/187631279X00231		
10.11646/zootaxa.4592.1.1	A. Fjellberg	Redescriptions of Vertagopus brevicaudus (Carpenter, 1900) and Vertagopus reuteri (Schött, 1893), two Arctic species of Collembola (Isotomidae) Canada, Siberia	Entomologica Scandinavica	article-journal	13		1982	141–147									https://doi.org/10.1163/187631282X00048	10.1163/187631282X00048		
10.11646/zootaxa.4592.1.1	A. Fjellberg	Collembola from Jan Mayen, Björnöya and Hopen with additions to the species list from Spitsbergen	Fauna Norvegica	article-journal	31		1984	69–76												
10.11646/zootaxa.4592.1.1	A. Fjellberg	Collembola from the Colorado Front Range, U.S.A	Arctic and Alpine Research	article-journal	16	2	1984	193–208									https://doi.org/10.2307/1551071	10.2307/1551071		
10.11646/zootaxa.4592.1.1	A. Fjellberg	Arctic Collembola. I. Alaskan Collembola of the families Poduridae, Hypogastruridae, Odontellidae, Brachystomellidae and Neanuridae	Entomologica Scandinavica	article-journal	Suppl. 21		1985	126												
10.11646/zootaxa.4592.1.1	A. Fjellberg	Xenyllodes wapiti sp. n., a new species of Collembola (Odontellidae) from western Canada	Entomologica Scandinavica	article-journal	16		1985	131–133									https://doi.org/10.1163/187631285X00216	10.1163/187631285X00216		
10.11646/zootaxa.4592.1.1	A. Fjellberg	Collembola of the Canadian High Arctic. Review and additional records	Canadian Journal of Zoology	article-journal	64	10	1986	2386–2390									https://doi.org/10.1139/z86-355	10.1139/z86-355		
10.11646/zootaxa.4592.1.1	A. Fjellberg	Revision of the genus Agrenia Börner, 1906 (Collembola: Isotomidae	Entomologica Scandinavica	article-journal	17		1986	93–106									https://doi.org/10.1163/187631286X00134	10.1163/187631286X00134		
10.11646/zootaxa.4592.1.1	A. Fjellberg	Northern species of Onychiurus Gervais, 1841, subgenus Archaphorura Bagnall, 1949 (Collembola: Onychiuridae	Entomologica Scandinavica	article-journal	18		1987	279–288												
10.11646/zootaxa.4592.1.1	A. Fjellberg	The Collembola fauna of Troms and Finnmark, North Norway	Fauna Norvegica, Series B	article-journal	35		1988	5–20												
10.11646/zootaxa.4592.1.1	A. Fjellberg	Six new species of Collembola from North Norway (Hypogastruridae, Odontellidae, Onychiuridae, Isotomidae	Fauna Norvegica, Series B	article-journal	35		1988	35–41												
10.11646/zootaxa.4592.1.1	A. Fjellberg	Proisotoma rainieri Folsom, 1937 (= Isotoma kisoana Yosii, 1939) syn. nov. An epitokous species of Collembola (Isotomidae	Canadian Journal of Zoology	article-journal	66		1988	965–967									https://doi.org/10.1139/z88-143	10.1139/z88-143		
10.11646/zootaxa.4592.1.1	A. Fjellberg	Redescription of Mackenziella psocoides Hammer, 1953 and discussion of its systematic position (Collembola, Mackenziellidae	The IIIrd International Seminar on Apterygota	chapter			1989	93–105	University of Siena	Siena, Italy	R. Dallai									
10.11646/zootaxa.4592.1.1	A. Fjellberg	Rediscovery of Knowltonella idahoensis Wray, an autapomorphous Schoettella Schäffer (Collembola: Hypogastruridae	Entomologica Scandinavica	article-journal	21	4	1991	427–429									https://doi.org/10.1163/187631290X00328	10.1163/187631290X00328		
10.11646/zootaxa.4592.1.1	A. Fjellberg	Tibiotarsal chaetotaxy in Willemia Börner, with description of a new species from North America (Collembola: Hypogastruridae	Entomologica Scandinavica	article-journal	22		1991	205–207									https://doi.org/10.1163/187631291X00075	10.1163/187631291X00075		
10.11646/zootaxa.4592.1.1	A. Fjellberg	Arctic Springtails – Collembola	Arctic Insect News	article-journal	2		1991	4–6												
10.11646/zootaxa.4592.1.1	A. Fjellberg	Hypogastrura (Mucrella) arborea sp. nov., a tree-climbing species of Collembola (Hypogastruridae) from Vancouver Island, British Columbia	The Canadian Entomologist	article-journal	124		1992	405–407									https://doi.org/10.4039/Ent124405-2	10.4039/Ent124405-2		
10.11646/zootaxa.4592.1.1	A. Fjellberg	Habitat selection and biogeography of springtails (Collembola) from Alexandra Fiord, Ellesmere Island	Ecology of a Polar Oasis: Alexandra Fiord, Ellesmere Island	chapter			1994	227–229	Captus University Publications, Toronto		J. Svoboda;B. Freedman									
10.11646/zootaxa.4592.1.1	A. Fjellberg	The Collembola of Fennoscandia and Denmark. Part I: Poduromorpha	Fauna Entomologica Scandinavica	article-journal	35		1998	184	Köln	Brill, Leiden, Boston										
10.11646/zootaxa.4592.1.1	A. Fjellberg	Revision of six northern species of the Isotoma viridis Bourlet, 1839 complex (Collembola, Isotomidae	Norwegian Journal of Entomology	article-journal	50		2003	91–98												
10.11646/zootaxa.4592.1.1	A. Fjellberg	The Collembola of Fennoscandia and Denmark. Part II: Entomobryomorpha and Symphypleona	Fauna Entomologica Scandinavica	article-journal	42		2007	264												
10.11646/zootaxa.4592.1.1	A. Fjellberg	Cryophilic Isotomidae (Collembola) of the Northwestern Rocky Mountains, U.S.A	Zootaxa	article-journal	2513		2010	27–49									https://doi.org/10.11646/zootaxa.2513.1.2	10.11646/zootaxa.2513.1.2		
10.11646/zootaxa.4592.1.1	A. Fjellberg	Collembola (springtails, collembolans	The Greenland Entomofauna. An Identification Manual to Insects, Spiders and their Allies. Brill	chapter			2015	– , 48–82			J. Böcher;N.P. Kristensen;T. Pape;L. Vilhelmsen									
10.11646/zootaxa.4592.1.1	A. Fjellberg;E. Bernard	Review of Agrenia Börner, 1906 with descriptions of four new species from North America (Collembola, Isotomidae	Zootaxa	article-journal	2306		2009	17–28												
10.11646/zootaxa.4592.1.1	A. Fjellberg;N. Poinsot	Archisotoma polaris n. sp. A new species of Collembola (Isotomidae) from Spitsbergen	Norwegian Journal of Entomology	article-journal	22		1975	109–112												
10.11646/zootaxa.4592.1.1	A. Fjellberg;M.B. Potapov	A redefinition of Blissia with description of a new species from northwestern Canada (Collembola: Isotomidae	European Journal of Entomology	article-journal	95		1998	87–91												
10.11646/zootaxa.4592.1.1	J.M. Folsom	New species of Papirius	Psyche, Cambridge	article-journal	7	238	1896	344–345									https://doi.org/10.1155/1896/84702	10.1155/1896/84702		
10.11646/zootaxa.4592.1.1	J.M. Folsom	New Smynthuri, including myrmecophilous and aquatic species	Psyche, Cambridge	article-journal	7	247	1896	446–450									https://doi.org/10.1155/1896/49160	10.1155/1896/49160		
10.11646/zootaxa.4592.1.1	J.M. Folsom	Review of the collembolan genus Neelus and description of N. minutus n.sp	Psyche, Cambridge	article-journal	9	303	1901	219–222									https://doi.org/10.1155/1901/19392	10.1155/1901/19392		
10.11646/zootaxa.4592.1.1	J.W. Folsom	Papers of the Harriman Alaska Expedition	XXVII. Apterygota. Proceedings of the Washington Academy of Sciences	paper-conference	4		1902	87–116												
10.11646/zootaxa.4592.1.1	J.W. Folsom	The identity of the snow-flea (Achorutes nivicola Fitch	Psyche, Cambridge	article-journal	9	311	1902	315–321									https://doi.org/10.1155/1902/47871	10.1155/1902/47871		
10.11646/zootaxa.4592.1.1	J.W. Folsom	Collembola of the grave	Psyche, Cambridge	article-journal	9	315	1902	363–367									https://doi.org/10.1155/1902/42417	10.1155/1902/42417		
10.11646/zootaxa.4592.1.1	J.W. Folsom	The golden snow-flea, Aphorura cocklei n. sp	The Canadian Entomologist	article-journal	15		1908	199–201									https://doi.org/10.4039/Ent40199-6	10.4039/Ent40199-6		
10.11646/zootaxa.4592.1.1	J.W. Folsom	North American spring-tails of the subfamily Tomoceridae. Proceedings of the U.S	National Museum	article-journal	46		1913	451–471									https://doi.org/10.5479/si.00963801.46-2037.451	10.5479/si.00963801.46-2037.451		
10.11646/zootaxa.4592.1.1	J.W. Folsom	North American collembolous insects of the subfamilies Achorutinae, Neanurinae, Podurinae. Proceedings of the U.S	National Museum	article-journal	50		1916	477–525									https://doi.org/10.5479/si.00963801.50-2134.477	10.5479/si.00963801.50-2134.477		
10.11646/zootaxa.4592.1.1	J.W. Folsom	North American collembolous insects of the family Onychiuridae. Proceedings of the U.S	National Museum	article-journal	53		1917	637–659									https://doi.org/10.5479/si.00963801.53-2222.637	10.5479/si.00963801.53-2222.637		
10.11646/zootaxa.4592.1.1	J.W. Folsom	A new Isotoma of the snow fauna	The Canadian Entomologist	article-journal	50		1918	291–292									https://doi.org/10.4039/Ent50291-9	10.4039/Ent50291-9		
10.11646/zootaxa.4592.1.1	J.W. Folsom	Collembola of the Canadian Arctic Expedition, 1913–1918	Report of the Canadian Arctic Expedition	article-journal	3		1919	1 –29												
10.11646/zootaxa.4592.1.1	J.W. Folsom	Collembola from the Crocker land Expedition 1913–1917	Bulletin of American Museum of Natural History	article-journal	41		1919	271–302												
10.11646/zootaxa.4592.1.1	J.W. Folsom	New species of Collembola from New York State	American Museum Novitates	article-journal	108		1924	1–12												
10.11646/zootaxa.4592.1.1	J.W. Folsom	Insects of the subclass Apterygota from Central America and the West Indies	Proceedings of the U.S. National Museum	article-journal	72		1927	1–16									https://doi.org/10.5479/si.00963801.72-2702.1	10.5479/si.00963801.72-2702.1		
10.11646/zootaxa.4592.1.1	J.W. Folsom	Hawaiian Collembola	Proceedings of the Hawaiian Entomological Society	article-journal	8	1	1932	51–80												
10.11646/zootaxa.4592.1.1	J.W. Folsom	Nearctic Collembola or springtails of the family Isotomidae	Bulletin of the U.S. National Museum	article-journal	168		1937	1–144												
10.11646/zootaxa.4592.1.1	J.W. Folsom	Insecta, order Collembola. In: Insects and Arachnids from Canadian Amber	University of Toronto Studies, Geology Series	article-journal	40		1937	14–17												
10.11646/zootaxa.4592.1.1	J.W. Folsom;H.B. Mills	Contribution to the knowledge of the genus Sminthurides Börner	Bulletin of the Museum of Comparative Zoology at Harvard College	article-journal	82		1938	231–274												
10.11646/zootaxa.4592.1.1	F.M. Ford	Notes on Tennessee Collembola. Three new species of Isotomidae: Folsomia	Journal of the Tennessee Academy of Science	article-journal	37	4	1962	129–132												
10.11646/zootaxa.4592.1.1	A.-F.de Fourcroy	Entomologia Parisiensis; sive catalogus insectorum quae in agro Parisiensi reperiuntur; secundam methodam Geoffroeanam in sections, genera et species distributes: cui addita sunt nomina triviatia et fere trecentae novae species					1785	231	Hôtel Serpente				Pars prima. Parisiis,				https://doi.org/10.5962/bhl.title.36528	10.5962/bhl.title.36528		
10.11646/zootaxa.4592.1.1	C.J.S. Fox	Effect of several chlorinated hydrocarbon insecticides on the springtails and mites of grassland soil	Journal of Economic Entomology	article-journal	60	1	1967	77–79									https://doi.org/10.1093/jee/60.1.77	10.1093/jee/60.1.77		
10.11646/zootaxa.4592.1.1	C.J.S. Fox;G.M. Stirrett	Annotated catalogue of insect and other invertebrate pest of tobacco in Canada	Annual Report of the Entomological Society of Ontario	article-journal	83		1952	48–54												
10.11646/zootaxa.4592.1.1	R. Freitag;J.P. Ryder	An annotated list of arthropods collected from ring-billed gull nests on Granite Island, Black Bay, Lake Superior, 1972 and 1973	Proceedings of the Entomological Society of Ontario	article-journal	104		1974	38–46												
10.11646/zootaxa.4592.1.1	M.M.da Gama	Systématique évolutive des Xenylla. VIII. Espèces provenant de plusieurs îles du Pacifique et des Indes-Occidentales, et de quelques régions d’Afrique, d’Asie et d’Amérique du Nord (Insecta: Collembola	Revue Suisse de Zoologie	article-journal	83	2	1976	317–327									https://doi.org/10.5962/bhl.part.91442	10.5962/bhl.part.91442		
10.11646/zootaxa.4592.1.1	C. Gers;L. Deharveng	Collemboles de l’Oukaimeden (Hait-Atlas de marrakech	Maroc). Bulletin de la Société d'histoire naturelle de Toulouse	article-journal	121		1985	51–61												
10.11646/zootaxa.4592.1.1	P. Gervais	Designation of type and description of genus Onychiurus	Echo Monde Savant	article-journal	8		1841	372												
10.11646/zootaxa.4592.1.1	H. Gisin	Materialien zur Revision der Collembolen	Mitteilungen der Schweizerischen Entomologischen Gesellschaft	article-journal	19	4/5	1944	121–156												
10.11646/zootaxa.4592.1.1	H. Gisin	Notes sur les Collemboles avec description de quatorze espèces et d’un genre nouveaux	Mitteilungen der Schweizerischen Entomologischen Gesellschaft	article-journal	22	4	1949	386–409												
10.11646/zootaxa.4592.1.1	H. Gisin	Notes sur les Collemboles avec une espèce, un nom et trois synonymes nouveaux	Mitteilungen der Schweizerischen Entomologischen Gesellschaft	article-journal	23	4	1950	411–416												
10.11646/zootaxa.4592.1.1	H. Gisin	Notes sur les Collemboles, avec demembrement des Onychiurus armatus, ambulans et fimetarius auctorum	Mitteilungen der Schweizerischen Entomologischen Gesellschaft	article-journal	25	1	1952	1–22												
10.11646/zootaxa.4592.1.1	H. Gisin	Collembola from Jan Mayen Island	Annals and Magazine of Natural History	article-journal	6	23	1953	228–234									https://doi.org/10.1080/00222935308654415	10.1080/00222935308654415		
10.11646/zootaxa.4592.1.1	Gisin H	Sur la faune européenne des Collemboles	I. Revue Suisse de Zoologie	article-journal	64		1957	475–496									https://doi.org/10.5962/bhl.part.75498	10.5962/bhl.part.75498		
10.11646/zootaxa.4592.1.1	H. Gisin	Quatre especes nouvelles de Collemboles (Insectes Apterygotes) recoltes par M. Marcuzzi dans les Dolomites Italiennes	Atti dell’Istituto Veneto di scienze, lettere ed arti	article-journal	116		1958	85–91												
10.11646/zootaxa.4592.1.1	H. Gisin	Sur la faune européenne des Collemboles	III. Revue Suisse de Zoologie	article-journal	67	26	1960	309–322												
10.11646/zootaxa.4592.1.1	J.F. Gmelin	Caroli a Linné, systema naturae	Tom	article-journal	1		1790	2225–3020			Pars V. Lipsiae;Beer									
10.11646/zootaxa.4592.1.1	G.C.D. Griffiths	Hypogastrura succinea (Collembola: Hypogastruridae) dispersed by adults of the cabbage maggot Delia radicum (Diptera: Anthomyidae), infected with the parasitic fungus, Strongwellsea castrans (Zugomycetes: Entomophthoraceae	The Canadian Entomologist	article-journal	117	8	1985	1063–1064									https://doi.org/10.4039/Ent1171063-8	10.4039/Ent1171063-8		
10.11646/zootaxa.4592.1.1	A. Grow;K. Christiansen	Chaetotaxy in Folsomia (Collembola Isotomidae) with special reference to nearctic species	Revue d’Écologie et de Biologie du Sol	article-journal	13	4	1976	611–627												
10.11646/zootaxa.4592.1.1	J.E. Guthrie	The Collembola of Minnesota	Geological and Natural History Survey of Minnesota, Zoological Series IV	chapter			1903	110	Minniapolis, Minnesota											
10.11646/zootaxa.4592.1.1	F.E. Guérin-Méneville	Iconographie du règne animal de G. Cuvier, ou Représentation d'après nature de l'une des espèces les plus et souvent non encore figurées de chaque genre d'animaux		book			1838	576	Baillière	Paris		1. Insectes					https://doi.org/10.5962/bhl.title.10331	10.5962/bhl.title.10331		
10.11646/zootaxa.4592.1.1	M. Hammer	The zoology of East Greenland	Collemboles. Meddellelser om Grønland	article-journal	122	1	1938	1–39												
10.11646/zootaxa.4592.1.1	M. Hammer	Eine neue Isotoma-Art aus Ostgrӧnland	Zoologischer Anzeiger	article-journal	121		1938	43–45												
10.11646/zootaxa.4592.1.1	M. Hammer	Investigations on the microfauna of Northern Canada. II	Collembola. Acta Arctica	article-journal	6		1953	108												
10.11646/zootaxa.4592.1.1	M. Hammer	Collemboles and oribatids from Thule district (North West Greenland) and Ellesmere Island (Canada	Meddellelser om Grønland	article-journal	136	5	1953	1–16												
10.11646/zootaxa.4592.1.1	M. Hammer	Collemboles and oribatids from Peary Land (North Greenland	Meddellelser om Grønland	article-journal	137	5	1954	1–28												
10.11646/zootaxa.4592.1.1	M. Hammer	Some aspects of the distribution of microfauna in the Arctic	Arctic	article-journal	8	2	1955	115–126									https://doi.org/10.14430/arctic3811	10.14430/arctic3811		
10.11646/zootaxa.4592.1.1	E. Handschin	Die Collembolenfauna des Schweizerischen Nationalparkes	Denkschriften der Schweizerischen naturforschenden geselschaft	article-journal	60	2	1924	– 89–174												
10.11646/zootaxa.4592.1.1	E. Handschin	Collembola from Mexico	Zoological Journal of the Linnean Society	article-journal	36		1928	533–552									https://doi.org/10.1111/j.1096-3642.1928.tb02181b.x	10.1111/j.1096-3642.1928.tb02181b.x		
10.11646/zootaxa.4592.1.1	F.L. Harvey	A new Papirius	Entomological News	article-journal	4		1893	65–68												
10.11646/zootaxa.4592.1.1	F.L. Harvey	A new Achorutes	Entomological News	article-journal	4		1893	182–184												
10.11646/zootaxa.4592.1.1	F.L. Harvey	Two new species of Entomobrya	Psyche	article-journal	7	226	1895	196–199									https://doi.org/10.1155/1895/29794	10.1155/1895/29794		
10.11646/zootaxa.4592.1.1	F.L. Harvey	A new Poduran of the genus Gnathocephalus	Entomological News	article-journal	9	9	1898	216–217												
10.11646/zootaxa.4592.1.1	M. Hassal;S. Visser;D. Parkinson	Vertical migration of Onychiurus subtenuis (Collembola) in relation to rainfall and microbial activity	Pedobiologia	article-journal	29		1986	175–182												
10.11646/zootaxa.4592.1.1	B. Hocking	Insect-flower associations in the high arctic, with special reference to nectar	Oikos	article-journal	19	2	1968	359–387									https://doi.org/10.2307/3565022	10.2307/3565022		
10.11646/zootaxa.4592.1.1	I.D. Hogg;P.D.N. Hebert	Biological identification of springtails (Hexapoda: Collembola) from the Canadian Arctic, using mitochondrial DNA barcodes	Canadian Journal of Zoology	article-journal	82		2004	749–754									https://doi.org/10.1139/Z04-041	10.1139/Z04-041		
10.11646/zootaxa.4592.1.1	K. Huebner;Z. Lindo;M.J. Lechowicz	Post-fire succession of collembolan communities in a northern hardwood forest	European Journal of Soil Biology	article-journal	48		2012	59–65									https://doi.org/10.1016/j.ejsobi.2011.10.004	10.1016/j.ejsobi.2011.10.004		
10.11646/zootaxa.4592.1.1	P.D. Hurd	Myiasis” resulting from the use of the aspirator method in the collection of insects	Science	article-journal	119	3101	1954	814–815									https://doi.org/10.1126/science.119.3101.814	10.1126/science.119.3101.814		
10.11646/zootaxa.4592.1.1	P.D. Hurd;E.E. Lindquist	Analysis of soil invertebrate samples from Barrow, Alaska		report			1958	24	Arctic Institute of North America. Projects ONR-173 and ONR-193	Berkeley, CA			[Final Report].							
10.11646/zootaxa.4592.1.1	A.P. Jacot	Four new arthropods from New England	The American Midland Naturalist	article-journal	20	3	1938	571–574									https://doi.org/10.2307/2420293	10.2307/2420293		
10.11646/zootaxa.4592.1.1		Collembola of the Toronto region with notes on the biology of Isotoma palustris Mueller	Transactions of the Royal Canadian Institute	article-journal	19		1933	77–116			H.G. James									
10.11646/zootaxa.4592.1.1		Notes on some arctic Collembola	The Canadian Entomologist	article-journal	70		1938	151–154			H.G. James						https://doi.org/10.4039/Ent70151-7	10.4039/Ent70151-7		
10.11646/zootaxa.4592.1.1	F. Janssens;K. Christiansen	Class Collembola Lubbock	Zootaxa	article-journal	3148		2011	192–194												
10.11646/zootaxa.4592.1.1	P. Jensen;G.L. Jacobson;D.E. Willard	Effects of mowing and raking on Collembola	Ecology	article-journal	54	3	1973	564–572									https://doi.org/10.2307/1935341	10.2307/1935341		
10.11646/zootaxa.4592.1.1	R. Jordana	Capbryinae and Entomobriini	Synopses on Palaearctic Collembola	article-journal	7	1	2012	390	Senckenberg, Museum of Natural History, Gӧrlitz		W. Dunger;U. Burkhardt									
10.11646/zootaxa.4592.1.1	W.W. Judd	Insects collected in the Dundas Marsh, Hamilton, Ontario, 1946-47, with observations on their periods of emergence	The Canadian Entomologist	article-journal	81	1	1949	1–10									https://doi.org/10.4039/Ent811-1	10.4039/Ent811-1		
10.11646/zootaxa.4592.1.1	W.W. Judd	Aggregations of the snow flea, Achorutes socialis Uzel (Collembola), recurring over three years	The Canadian Entomologist	article-journal	82	4	1950	84–85									https://doi.org/10.4039/Ent8284-4	10.4039/Ent8284-4		
10.11646/zootaxa.4592.1.1	W.W. Judd	A collection of insects and millipedes from fungi in Ontario	The Proceedings of the American microscopical Society	article-journal	76	3	1957	311–316									https://doi.org/10.2307/3223895	10.2307/3223895		
10.11646/zootaxa.4592.1.1	W.W. Judd	Insects collected from woodchuck burrows in the vicinity of London, Ontario	The Canadian Field-Naturalist	article-journal	75		1961	16–22												
10.11646/zootaxa.4592.1.1	W.W. Judd	Insects and other invertebrates from nests of the cardinal, Richmondena cardinalis (L.), at London, Ontario	The Canadian Entomologist	article-journal	94	1	1962	92–95									https://doi.org/10.4039/Ent9492-1	10.4039/Ent9492-1		
10.11646/zootaxa.4592.1.1	W.W. Judd	Molluscs and arthropods from cardinal nests at London, Ontario	The Canadian Entomologist	article-journal	95	3	1963	327–333									https://doi.org/10.4039/Ent95327-3	10.4039/Ent95327-3		
10.11646/zootaxa.4592.1.1	W.W. Judd	Studies of the Byron Bog in southwestern Ontario. XX. Insects and millipedes associated with fungi	The Canadian Field-Naturalist	article-journal	79	1	1965	25–28												
10.11646/zootaxa.4592.1.1	W.W. Judd	Insects and other arthropods from year-old galls caused by Gnorimoschema gallaesolidaginis Riley (Lepidoptera: Gelechiidae) on goldenrod	Canadian Journal of Zoology	article-journal	45	1	1967	49–56									https://doi.org/10.1139/z67-006	10.1139/z67-006		
10.11646/zootaxa.4592.1.1	W.W. Judd	Studies of the Byron Bog in southwestern Ontario	XLV. Insects associated with flowering dandelion, Taraxacum officinale Weber. Proceedings of the Entomological Society of Ontario	paper-conference	101		1970	59–62												
10.11646/zootaxa.4592.1.1	W.W. Judd	Studies of the Byron Bog in southwestern Ontario	XLIII. Swarming of the springtail Hypogastrura harveyi Folsom on the Snow. The Canadian Field-Naturalist	article-journal	85	1	1971	65–66												
10.11646/zootaxa.4592.1.1	W.W. Judd	Studies of the Byron Bog in southwestern Ontario. XLVII	Insects of the sphagnum mat. Entomological News	article-journal	83		1972	145–151												
10.11646/zootaxa.4592.1.1	N. Kaneko;M.A. McLean;D. Parkinson	Gr					1995													

